"theme_name","github_repository","github_direct_link","is_dark","screenshot","description"
"49th Parallel","https://github.com/wvictor14/rstudio_themes","https://raw.githubusercontent.com/wvictor14/rstudio_themes/master/49th%20Parallel.rstheme",TRUE,"https://raw.githubusercontent.com/wvictor14/rstudio_themes/master/images/preview_49th_parallel.png","a dark theme as a tribute to a Vancouver coffee shop"
"a11y-dark {rsthemes}","https://github.com/gadenbuie/rsthemes/","https://raw.githubusercontent.com/gadenbuie/rsthemes/main/inst/themes/a11y-dark.rstheme",TRUE,"https://raw.githubusercontent.com/gadenbuie/rsthemes/assets/themes/a11y_dark.png","from the rsthemes package"
"a11y-light {rsthemes}","https://github.com/gadenbuie/rsthemes","https://raw.githubusercontent.com//gadenbuie/rsthemes/main/inst/themes/a11y-light.rstheme",FALSE,"","from the rsthemes package"
"Alice","https://github.com/rileytwo/rsthemes","https://raw.githubusercontent.com/rileytwo/rsthemes/master/Alice.rstheme",TRUE,"","similar to the Kiss theme"
"An Old Hope","https://github.com/otzslayer/an-old-hope-rstudio","https://raw.githubusercontent.com/otzslayer/an-old-hope-rstudio/master/An%20Old%20Hope.tmTheme",TRUE,""," inspired by a galaxy far far away"
"Apprentice","https://github.com/FvD/rsApprentice","https://raw.githubusercontent.com/FvD/rsApprentice/master/Apprentice.rstheme",TRUE,"","based on the Apprentice color scheme for vim"
"Ariake Dark","https://github.com/lusignan/rstudio-ariake-dark","https://raw.githubusercontent.com/lusignan/rstudio-ariake-dark/main/ariake-dark.rstheme",TRUE,"https://raw.githubusercontent.com/lusignan/rstudio-ariake-dark/main/img/screenshot.png","Full RStudio IDE port of Ryosuke Goto's Ariake Dark theme"
"Asher Theme","https://github.com/michaelasher/CustomRStudioTheme","https://raw.githubusercontent.com/CustomRStudioTheme/master/RStudioStyleFiles/asher.rstheme",TRUE,"https://raw.githubusercontent.com/michaelasher/CustomRStudioTheme/master/images/RStudioAsherAppearance.png","a dark theme emulating the style of Visual Studio"
"ayu-dark","https://github.com/graiffgarcia/ayu-ish-rstudio","https://raw.githubusercontent.com/graiffgarcia/ayu-ish-rstudio/master/rstheme/ayu-dark.rstheme",TRUE,"https://raw.githubusercontent.com/graiffgarcia/ayu-ish-rstudio/master/assets/ayu-dark.png","part of an ayu-ish theme collection by graiffgarcia (which is a port of the Ayu sublime theme)"
"Ayu-light-owl","https://github.com/js-oh/ayu-light-owl","https://raw.githubusercontent.com/js-oh/ayu-light-owl/master/ayu-light-owl.rstheme",FALSE,"https://raw.githubusercontent.com/js-oh/ayu-light-owl/master/images/ayu-light-owl-script-screenshot.png","Ayu-light modified by the color scheme from Light Owl"
"ayu dark","https://github.com/davidgibsonp/ayu-rstudio/","https://raw.githubusercontent.com/davidgibsonp/ayu-rstudio/master/rstheme/ayu-dark.rstheme",TRUE,"https://raw.githubusercontent.com/davidgibsonp/ayu-rstudio/master/assets/dark.png","part of the Ayu theme collection by David Gibson (which is a port of the Ayu sublime theme)"
"Ayu Light","https://github.com/davidgibsonp/ayu-rstudio","https://raw.githubusercontent.com/davidgibsonp/ayu-rstudio/master/rstheme/ayu-light.rstheme",FALSE,"https://raw.githubusercontent.com/davidgibsonp/ayu-rstudio/master/assets/light.png","part of the Ayu theme collection by David Gibson (which is a port of the Ayu sublime theme)"
"ayu mirage","https://github.com/davidgibsonp/ayu-rstudio/","https://raw.githubusercontent.com/davidgibsonp/ayu-rstudio/master/rstheme/ayu-mirage.rstheme",TRUE,"https://raw.githubusercontent.com/davidgibsonp/ayu-rstudio/master/assets/mirage.png","part of the Ayu theme collection by David Gibson (which is a port of the Ayu sublime theme)"
"Barbie Theme Dark","https://github.com/emhogg/r_studio_themes/","https://raw.githubusercontent.com/emhogg/r_studio_themes/main/Barbie%20Theme%20Dark.rstheme",TRUE,"",""
"Barbie Theme Light 1","https://github.com/emhogg/r_studio_themes/","https://raw.githubusercontent.com/emhogg/r_studio_themes/main/Barbie_Theme_Light.rstheme",TRUE,"",""
"Barbie Theme Light 2","https://github.com/emhogg/r_studio_themes/","https://raw.githubusercontent.com/emhogg/r_studio_themes/main/Barbie%20Theme%20Light%202.rstheme",TRUE,"",""
"base16 3024 {rsthemes}","https://github.com/gadenbuie/rsthemes/","https://raw.githubusercontent.com/gadenbuie/rsthemes/main/inst/themes/base16/base16-3024.rstheme",TRUE,"https://raw.githubusercontent.com/gadenbuie/rsthemes/assets/themes/base16_3024.png","from the rsthemes package"
"base16 Apathy {rsthemes}","https://github.com/gadenbuie/rsthemes/","https://raw.githubusercontent.com/gadenbuie/rsthemes/main/inst/themes/base16/base16-apathy.rstheme",TRUE,"https://raw.githubusercontent.com/gadenbuie/rsthemes/assets/themes/base16_apathy.png","from the rsthemes package"
"base16 Ashes {rsthemes}","https://github.com/gadenbuie/rsthemes/","https://raw.githubusercontent.com/gadenbuie/rsthemes/main/inst/themes/base16/base16-ashes.rstheme",TRUE,"https://raw.githubusercontent.com/gadenbuie/rsthemes/assets/themes/base16_ashes.png","from the rsthemes package"
"base16 Atelier Cave {rsthemes}","https://github.com/gadenbuie/rsthemes/","https://raw.githubusercontent.com/gadenbuie/rsthemes/main/inst/themes/base16/base16-atelier-cave.rstheme",TRUE,"https://raw.githubusercontent.com/gadenbuie/rsthemes/assets/themes/base16_atelier_cave.png","from the rsthemes package"
"base16 Atelier Dune {rsthemes}","https://github.com/gadenbuie/rsthemes/","https://raw.githubusercontent.com/gadenbuie/rsthemes/main/inst/themes/base16/base16-atelier-dune.rstheme",TRUE,"https://raw.githubusercontent.com/gadenbuie/rsthemes/assets/themes/base16_atelier_dune.png","from the rsthemes package"
"base16 Atelier Estuary {rsthemes}","https://github.com/gadenbuie/rsthemes/","https://raw.githubusercontent.com/gadenbuie/rsthemes/main/inst/themes/base16/base16-atelier-estuary.rstheme",TRUE,"https://raw.githubusercontent.com/gadenbuie/rsthemes/assets/themes/base16_atelier_estuary.png","from the rsthemes package"
"base16 Atelier Forest {rsthemes}","https://github.com/gadenbuie/rsthemes/","https://raw.githubusercontent.com/gadenbuie/rsthemes/main/inst/themes/base16/base16-atelier-forest.rstheme",TRUE,"https://raw.githubusercontent.com/gadenbuie/rsthemes/assets/themes/base16_atelier_forest.png","from the rsthemes package"
"base16 Atelier Heath {rsthemes}","https://github.com/gadenbuie/rsthemes/","https://raw.githubusercontent.com/gadenbuie/rsthemes/main/inst/themes/base16/base16-atelier-heath.rstheme",TRUE,"https://raw.githubusercontent.com/gadenbuie/rsthemes/assets/themes/base16_atelier_heath.png","from the rsthemes package"
"base16 Atelier Lakeside {rsthemes}","https://github.com/gadenbuie/rsthemes/","https://raw.githubusercontent.com/gadenbuie/rsthemes/main/inst/themes/base16/base16-atelier-lakeside.rstheme",TRUE,"https://raw.githubusercontent.com/gadenbuie/rsthemes/assets/themes/base16_atelier_lakeside.png","from the rsthemes package"
"base16 Atelier Plateau {rsthemes}","https://github.com/gadenbuie/rsthemes/","https://raw.githubusercontent.com/gadenbuie/rsthemes/main/inst/themes/base16/base16-atelier-plateau.rstheme",TRUE,"https://raw.githubusercontent.com/gadenbuie/rsthemes/assets/themes/base16_atelier_plateau.png","from the rsthemes package"
"base16 Atelier Savanna {rsthemes}","https://github.com/gadenbuie/rsthemes/","https://raw.githubusercontent.com/gadenbuie/rsthemes/main/inst/themes/base16/base16-atelier-savanna.rstheme",TRUE,"https://raw.githubusercontent.com/gadenbuie/rsthemes/assets/themes/base16_atelier_savanna.png","from the rsthemes package"
"base16 Atelier Seaside {rsthemes}","https://github.com/gadenbuie/rsthemes/","https://raw.githubusercontent.com/gadenbuie/rsthemes/main/inst/themes/base16/base16-atelier-seaside.rstheme",TRUE,"https://raw.githubusercontent.com/gadenbuie/rsthemes/assets/themes/base16_atelier_seaside.png","from the rsthemes package"
"base16 Atelier Sulphurpool {rsthemes}","https://github.com/gadenbuie/rsthemes/","https://raw.githubusercontent.com/gadenbuie/rsthemes/main/inst/themes/base16/base16-atelier-sulphurpool.rstheme",TRUE,"https://raw.githubusercontent.com/gadenbuie/rsthemes/assets/themes/base16_atelier_sulphurpool.png","from the rsthemes package"
"base16 Bespin {rsthemes}","https://github.com/gadenbuie/rsthemes/","https://raw.githubusercontent.com/gadenbuie/rsthemes/main/inst/themes/base16/base16-bespin.rstheme",TRUE,"https://raw.githubusercontent.com/gadenbuie/rsthemes/assets/themes/base16_bespin.png","from the rsthemes package"
"base16 Brewer {rsthemes}","https://github.com/gadenbuie/rsthemes/","https://raw.githubusercontent.com/gadenbuie/rsthemes/main/inst/themes/base16/base16-brewer.rstheme",TRUE,"https://raw.githubusercontent.com/gadenbuie/rsthemes/assets/themes/base16_brewer.png","from the rsthemes package"
"base16 Bright {rsthemes}","https://github.com/gadenbuie/rsthemes/","https://raw.githubusercontent.com/gadenbuie/rsthemes/main/inst/themes/base16/base16-bright.rstheme",TRUE,"https://raw.githubusercontent.com/gadenbuie/rsthemes/assets/themes/base16_bright.png","from the rsthemes package"
"base16 Chalk {rsthemes}","https://github.com/gadenbuie/rsthemes/","https://raw.githubusercontent.com/gadenbuie/rsthemes/main/inst/themes/base16/base16-chalk.rstheme",TRUE,"https://raw.githubusercontent.com/gadenbuie/rsthemes/assets/themes/base16_chalk.png","from the rsthemes package"
"base16 Codeschool {rsthemes}","https://github.com/gadenbuie/rsthemes/","https://raw.githubusercontent.com/gadenbuie/rsthemes/main/inst/themes/base16/base16-codeschool.rstheme",TRUE,"https://raw.githubusercontent.com/gadenbuie/rsthemes/assets/themes/base16_codeschool.png","from the rsthemes package"
"base16 Cupcake {rsthemes}","https://github.com/gadenbuie/rsthemes/","https://raw.githubusercontent.com/gadenbuie/rsthemes/main/inst/themes/base16/base16-cupcake.rstheme",TRUE,"https://raw.githubusercontent.com/gadenbuie/rsthemes/assets/themes/base16_cupcake.png","from the rsthemes package"
"base16 Darktooth {rsthemes}","https://github.com/gadenbuie/rsthemes/","https://raw.githubusercontent.com/gadenbuie/rsthemes/main/inst/themes/base16/base16-darktooth.rstheme",TRUE,"https://raw.githubusercontent.com/gadenbuie/rsthemes/assets/themes/base16_darktooth.png","from the rsthemes package"
"base16 Default Dark {rsthemes}","https://github.com/gadenbuie/rsthemes/","https://raw.githubusercontent.com/gadenbuie/rsthemes/main/inst/themes/base16/base16-default-dark.rstheme",TRUE,"https://raw.githubusercontent.com/gadenbuie/rsthemes/assets/themes/base16_default_dark.png","from the rsthemes package"
"base16 Default Light {rsthemes}","https://github.com/gadenbuie/rsthemes/","https://raw.githubusercontent.com/gadenbuie/rsthemes/main/inst/themes/base16/base16-default-light.rstheme",FALSE,"https://raw.githubusercontent.com/gadenbuie/rsthemes/assets/themes/base16_default_light.png","from the rsthemes package"
"base16 Dracula {rsthemes}","https://github.com/gadenbuie/rsthemes/","https://raw.githubusercontent.com/gadenbuie/rsthemes/main/inst/themes/base16/base16-dracula.rstheme",TRUE,"https://raw.githubusercontent.com/gadenbuie/rsthemes/assets/themes/base16_dracula.png","from the rsthemes package"
"base16 Eighties {rsthemes}","https://github.com/gadenbuie/rsthemes/","https://raw.githubusercontent.com/gadenbuie/rsthemes/main/inst/themes/base16/base16-eighties.rstheme",TRUE,"https://raw.githubusercontent.com/gadenbuie/rsthemes/assets/themes/base16_eighties.png","from the rsthemes package"
"Base16 Eighties Dark","https://github.com/jealcalat/rstudio_themes","https://raw.githubusercontent.com/jealcalat/rstudio_themes/master/Base16%20Eighties%20Dark.tmTheme",TRUE,"","part of a collection of modified tmthemes"
"base16 Embers {rsthemes}","https://github.com/gadenbuie/rsthemes/","https://raw.githubusercontent.com/gadenbuie/rsthemes/main/inst/themes/base16/base16-embers.rstheme",TRUE,"https://raw.githubusercontent.com/gadenbuie/rsthemes/assets/themes/base16_embers.png","from the rsthemes package"
"base16 Flat {rsthemes}","https://github.com/gadenbuie/rsthemes/","https://raw.githubusercontent.com/gadenbuie/rsthemes/main/inst/themes/base16/base16-flat.rstheme",TRUE,"https://raw.githubusercontent.com/gadenbuie/rsthemes/assets/themes/base16_flat.png","from the rsthemes package"
"base16 Google Dark {rsthemes}","https://github.com/gadenbuie/rsthemes/","https://raw.githubusercontent.com/gadenbuie/rsthemes/main/inst/themes/base16/base16-google-dark.rstheme",TRUE,"https://raw.githubusercontent.com/gadenbuie/rsthemes/assets/themes/base16_google_dark.png","from the rsthemes package"
"base16 Google Light {rsthemes}","https://github.com/gadenbuie/rsthemes/","https://raw.githubusercontent.com/gadenbuie/rsthemes/main/inst/themes/base16/base16-google-light.rstheme",FALSE,"https://raw.githubusercontent.com/gadenbuie/rsthemes/assets/themes/base16_google_light.png","from the rsthemes package"
"base16 Grayscale Dark {rsthemes}","https://github.com/gadenbuie/rsthemes/","https://raw.githubusercontent.com/gadenbuie/rsthemes/main/inst/themes/base16/base16-grayscale-dark.rstheme",TRUE,"https://raw.githubusercontent.com/gadenbuie/rsthemes/assets/themes/base16_grayscale_dark.png","from the rsthemes package"
"base16 Grayscale Light {rsthemes}","https://github.com/gadenbuie/rsthemes/","https://raw.githubusercontent.com/gadenbuie/rsthemes/main/inst/themes/base16/base16-grayscale-light.rstheme",FALSE,"https://raw.githubusercontent.com/gadenbuie/rsthemes/assets/themes/base16_grayscale_light.png","from the rsthemes package"
"base16 Green Screen {rsthemes}","https://github.com/gadenbuie/rsthemes/","https://raw.githubusercontent.com/gadenbuie/rsthemes/main/inst/themes/base16/base16-green-screen.rstheme",TRUE,"https://raw.githubusercontent.com/gadenbuie/rsthemes/assets/themes/base16_green_scren.png","from the rsthemes package"
"base16 Gruvbox dark, hard {rsthemes}","https://github.com/gadenbuie/rsthemes/","https://raw.githubusercontent.com/gadenbuie/rsthemes/main/inst/themes/base16/base16-gruvbox-dark-hard.rstheme",TRUE,"https://raw.githubusercontent.com/gadenbuie/rsthemes/assets/themes/base16_gruvbox_dark__hard.png","from the rsthemes package"
"base16 Gruvbox dark, medium {rsthemes}","https://github.com/gadenbuie/rsthemes/","https://raw.githubusercontent.com/gadenbuie/rsthemes/main/inst/themes/base16/base16-gruvbox-dark-medium.rstheme",TRUE,"https://raw.githubusercontent.com/gadenbuie/rsthemes/assets/themes/base16_gruvbox_dark__medium.png","from the rsthemes package"
"base16 Gruvbox dark, pale {rsthemes}","https://github.com/gadenbuie/rsthemes/","https://raw.githubusercontent.com/gadenbuie/rsthemes/main/inst/themes/base16/base16-gruvbox-dark-pale.rstheme",TRUE,"https://raw.githubusercontent.com/gadenbuie/rsthemes/assets/themes/base16_gruvbox_dark__pale.png","from the rsthemes package"
"base16 Gruvbox dark, soft {rsthemes}","https://github.com/gadenbuie/rsthemes/","https://raw.githubusercontent.com/gadenbuie/rsthemes/main/inst/themes/base16/base16-gruvbox-dark-soft.rstheme",TRUE,"https://raw.githubusercontent.com/gadenbuie/rsthemes/assets/themes/base16_gruvbox_dark__soft.png","from the rsthemes package"
"base16 Gruvbox light, hard {rsthemes}","https://github.com/gadenbuie/rsthemes/","https://raw.githubusercontent.com/gadenbuie/rsthemes/main/inst/themes/base16/base16-gruvbox-light-hard.rstheme",FALSE,"https://raw.githubusercontent.com/gadenbuie/rsthemes/assets/themes/base16_gruvbox_light__hard.png","from the rsthemes package"
"base16 Gruvbox light, medium {rsthemes}","https://github.com/gadenbuie/rsthemes/","https://raw.githubusercontent.com/gadenbuie/rsthemes/main/inst/themes/base16/base16-gruvbox-light-medium.rstheme",FALSE,"https://raw.githubusercontent.com/gadenbuie/rsthemes/assets/themes/base16_gruvbox_light__medium.png","from the rsthemes package"
"base16 Gruvbox light, soft {rsthemes}","https://github.com/gadenbuie/rsthemes/","https://raw.githubusercontent.com/gadenbuie/rsthemes/main/inst/themes/base16/base16-gruvbox-light-soft.rstheme",FALSE,"https://raw.githubusercontent.com/gadenbuie/rsthemes/assets/themes/base16_gruvbox_light__soft.png","from the rsthemes package"
"base16 Harmonic16 Dark {rsthemes}","https://github.com/gadenbuie/rsthemes/","https://raw.githubusercontent.com/gadenbuie/rsthemes/main/inst/themes/base16/base16-harmonic16-dark.rstheme",TRUE,"https://raw.githubusercontent.com/gadenbuie/rsthemes/assets/themes/base16_harmonic16_dark.png","from the rsthemes package"
"base16 Harmonic16 Light {rsthemes}","https://github.com/gadenbuie/rsthemes/","https://raw.githubusercontent.com/gadenbuie/rsthemes/main/inst/themes/base16/base16-harmonic16-light.rstheme",FALSE,"https://raw.githubusercontent.com/gadenbuie/rsthemes/assets/themes/base16_harmonic16_light.png","from the rsthemes package"
"base16 Hopscotch {rsthemes}","https://github.com/gadenbuie/rsthemes/","https://raw.githubusercontent.com/gadenbuie/rsthemes/main/inst/themes/base16/base16-hopscotch.rstheme",TRUE,"https://raw.githubusercontent.com/gadenbuie/rsthemes/assets/themes/base16_hopscotch.png","from the rsthemes package"
"base16 IR Black {rsthemes}","https://github.com/gadenbuie/rsthemes/","https://raw.githubusercontent.com/gadenbuie/rsthemes/main/inst/themes/base16/base16-ir-black.rstheme",TRUE,"https://raw.githubusercontent.com/gadenbuie/rsthemes/assets/themes/base16_ir_black.png","from the rsthemes package"
"base16 IR Isotope {rsthemes}","https://github.com/gadenbuie/rsthemes/","https://raw.githubusercontent.com/gadenbuie/rsthemes/main/inst/themes/base16/base16-ir-isotope.rstheme",TRUE,"https://raw.githubusercontent.com/gadenbuie/rsthemes/assets/themes/base16_ir_isotope.png","from the rsthemes package"
"base16 London Tube {rsthemes}","https://github.com/gadenbuie/rsthemes/","https://raw.githubusercontent.com/gadenbuie/rsthemes/main/inst/themes/base16/base16-london-tube.rstheme",TRUE,"https://raw.githubusercontent.com/gadenbuie/rsthemes/assets/themes/base16_london_tube.png","from the rsthemes package"
"base16 Macintosh {rsthemes}","https://github.com/gadenbuie/rsthemes/","https://raw.githubusercontent.com/gadenbuie/rsthemes/main/inst/themes/base16/base16-macintosh.rstheme",TRUE,"https://raw.githubusercontent.com/gadenbuie/rsthemes/assets/themes/base16_macintosh.png","from the rsthemes package"
"base16 Marrakesh {rsthemes}","https://github.com/gadenbuie/rsthemes/","https://raw.githubusercontent.com/gadenbuie/rsthemes/main/inst/themes/base16/base16-marrakesh.rstheme",TRUE,"https://raw.githubusercontent.com/gadenbuie/rsthemes/assets/themes/base16_marrakesh.png","from the rsthemes package"
"base16 Materia {rsthemes}","https://github.com/gadenbuie/rsthemes/","https://raw.githubusercontent.com/gadenbuie/rsthemes/main/inst/themes/base16/base16-materia.rstheme",TRUE,"https://raw.githubusercontent.com/gadenbuie/rsthemes/assets/themes/base16_materia.png","from the rsthemes package"
"base16 Mexico Light {rsthemes}","https://github.com/gadenbuie/rsthemes/","https://raw.githubusercontent.com/gadenbuie/rsthemes/main/inst/themes/base16/base16-mexico-light.rstheme",FALSE,"https://raw.githubusercontent.com/gadenbuie/rsthemes/assets/themes/base16_mexico_light.png","from the rsthemes package"
"base16 Mocha {rsthemes}","https://github.com/gadenbuie/rsthemes/","https://raw.githubusercontent.com/gadenbuie/rsthemes/main/inst/themes/base16/base16-mocha.rstheme",TRUE,"https://raw.githubusercontent.com/gadenbuie/rsthemes/assets/themes/base16_mocha.png","from the rsthemes package"
"base16 Monokai {rsthemes}","https://github.com/gadenbuie/rsthemes/","https://raw.githubusercontent.com/gadenbuie/rsthemes/main/inst/themes/base16/base16-monokai.rstheme",TRUE,"https://raw.githubusercontent.com/gadenbuie/rsthemes/assets/themes/base16_monokai.png","from the rsthemes package"
"base16 Nord {rsthemes}","https://github.com/gadenbuie/rsthemes/","https://raw.githubusercontent.com/gadenbuie/rsthemes/main/inst/themes/base16/base16-nord.rstheme",TRUE,"https://raw.githubusercontent.com/gadenbuie/rsthemes/assets/themes/base16_nord.png","from the rsthemes package"
"base16 Ocean {rsthemes}","https://github.com/gadenbuie/rsthemes/","https://raw.githubusercontent.com/gadenbuie/rsthemes/main/inst/themes/base16/base16-ocean.rstheme",TRUE,"https://raw.githubusercontent.com/gadenbuie/rsthemes/assets/themes/base16_ocean.png","from the rsthemes package"
"base16 OceanicNext {rsthemes}","https://github.com/gadenbuie/rsthemes/","https://raw.githubusercontent.com/gadenbuie/rsthemes/main/inst/themes/base16/base16-oceanicnext.rstheme",TRUE,"https://raw.githubusercontent.com/gadenbuie/rsthemes/assets/themes/base16_oceanicnext.png","from the rsthemes package"
"base16 OneDark {rsthemes}","https://github.com/gadenbuie/rsthemes/","https://raw.githubusercontent.com/gadenbuie/rsthemes/main/inst/themes/base16/base16-onedark.rstheme",TRUE,"https://raw.githubusercontent.com/gadenbuie/rsthemes/assets/themes/base16_onedark.png","from the rsthemes package"
"base16 Paraiso {rsthemes}","https://github.com/gadenbuie/rsthemes/","https://raw.githubusercontent.com/gadenbuie/rsthemes/main/inst/themes/base16/base16-paraiso.rstheme",TRUE,"https://raw.githubusercontent.com/gadenbuie/rsthemes/assets/themes/base16_paraiso.png","from the rsthemes package"
"base16 PhD {rsthemes}","https://github.com/gadenbuie/rsthemes/","https://raw.githubusercontent.com/gadenbuie/rsthemes/main/inst/themes/base16/base16-phd.rstheme",TRUE,"https://raw.githubusercontent.com/gadenbuie/rsthemes/assets/themes/base16_phd.png","from the rsthemes package"
"base16 Pico {rsthemes}","https://github.com/gadenbuie/rsthemes/","https://raw.githubusercontent.com/gadenbuie/rsthemes/main/inst/themes/base16/base16-pico.rstheme",TRUE,"https://raw.githubusercontent.com/gadenbuie/rsthemes/assets/themes/base16_pico.png","from the rsthemes package"
"base16 Pop {rsthemes}","https://github.com/gadenbuie/rsthemes/","https://raw.githubusercontent.com/gadenbuie/rsthemes/main/inst/themes/base16/base16-pop.rstheme",TRUE,"https://raw.githubusercontent.com/gadenbuie/rsthemes/assets/themes/base16_pop.png","from the rsthemes package"
"base16 Railscasts {rsthemes}","https://github.com/gadenbuie/rsthemes/","https://raw.githubusercontent.com/gadenbuie/rsthemes/main/inst/themes/base16/base16-railscasts.rstheme",TRUE,"https://raw.githubusercontent.com/gadenbuie/rsthemes/assets/themes/base16_railscasts.png","from the rsthemes package"
"base16 Rebecca {rsthemes}","https://github.com/gadenbuie/rsthemes/","https://raw.githubusercontent.com/gadenbuie/rsthemes/main/inst/themes/base16/base16-rebecca.rstheme",TRUE,"https://raw.githubusercontent.com/gadenbuie/rsthemes/assets/themes/base16_rebecca.png","from the rsthemes package"
"base16 Seti UI {rsthemes}","https://github.com/gadenbuie/rsthemes/","https://raw.githubusercontent.com/gadenbuie/rsthemes/main/inst/themes/base16/base16-seti-ui.rstheme",TRUE,"https://raw.githubusercontent.com/gadenbuie/rsthemes/assets/themes/base16_seti_ui.png","from the rsthemes package"
"base16 Shapeshifter {rsthemes}","https://github.com/gadenbuie/rsthemes/","https://raw.githubusercontent.com/gadenbuie/rsthemes/main/inst/themes/base16/base16-shapeshifter.rstheme",FALSE,"https://raw.githubusercontent.com/gadenbuie/rsthemes/assets/themes/base16_shapeshifter.png","from the rsthemes package"
"base16 Solar Flare {rsthemes}","https://github.com/gadenbuie/rsthemes/","https://raw.githubusercontent.com/gadenbuie/rsthemes/main/inst/themes/base16/base16-solar-flare.rstheme",TRUE,"https://raw.githubusercontent.com/gadenbuie/rsthemes/assets/themes/base16_solar_flare.png","from the rsthemes package"
"base16 Solarized Dark {rsthemes}","https://github.com/gadenbuie/rsthemes/","https://raw.githubusercontent.com/gadenbuie/rsthemes/main/inst/themes/base16/base16-solarized-dark.rstheme",TRUE,"https://raw.githubusercontent.com/gadenbuie/rsthemes/assets/themes/base16_solarized_dark.png","from the rsthemes package"
"base16 Solarized Light {rsthemes}","https://github.com/gadenbuie/rsthemes/","https://raw.githubusercontent.com/gadenbuie/rsthemes/main/inst/themes/base16/base16-solarized-light.rstheme",FALSE,"https://raw.githubusercontent.com/gadenbuie/rsthemes/assets/themes/base16_solarized_light.png","from the rsthemes package"
"base16 Spacemacs {rsthemes, modified}, modified version","https://github.com/lucassxs/personal-rstudiotheme","https://raw.githubusercontent.com/lucassxs/personal-rstudiotheme/main/base16-spacemacs.rstheme",TRUE,"","modified version of the theme from the rsthemes package"
"base16 Spacemacs {rsthemes}","https://github.com/gadenbuie/rsthemes/","https://raw.githubusercontent.com/gadenbuie/rsthemes/main/inst/themes/base16/base16-spacemacs.rstheme",TRUE,"https://raw.githubusercontent.com/gadenbuie/rsthemes/assets/themes/base16_spacemacs.png","from the rsthemes package"
"base16 Summerfruit Dark {rsthemes}","https://github.com/gadenbuie/rsthemes/","https://raw.githubusercontent.com/gadenbuie/rsthemes/main/inst/themes/base16/base16-summerfruit-dark.rstheme",TRUE,"https://raw.githubusercontent.com/gadenbuie/rsthemes/assets/themes/base16_summerfruit_dark.png","from the rsthemes package"
"base16 Summerfruit Light {rsthemes}","https://github.com/gadenbuie/rsthemes/","https://raw.githubusercontent.com/gadenbuie/rsthemes/main/inst/themes/base16/base16-summerfruit-false.rstheme",FALSE,"https://raw.githubusercontent.com/gadenbuie/rsthemes/assets/themes/base16_summerfruit_false.png","from the rsthemes package"
"base16 Tomorrow {rsthemes}","https://github.com/gadenbuie/rsthemes/","https://raw.githubusercontent.com/gadenbuie/rsthemes/main/inst/themes/base16/base16-tomorrow.rstheme",FALSE,"https://raw.githubusercontent.com/gadenbuie/rsthemes/assets/themes/base16_tomorrow.png","from the rsthemes package"
"base16 Tomorrow Night {rsthemes}","https://github.com/gadenbuie/rsthemes/","https://raw.githubusercontent.com/gadenbuie/rsthemes/main/inst/themes/base16/base16-tomorrow-night.rstheme",TRUE,"https://raw.githubusercontent.com/gadenbuie/rsthemes/assets/themes/base16_tomorrow_night.png","from the rsthemes package"
"base16 Twilight {rsthemes}","https://github.com/gadenbuie/rsthemes/","https://raw.githubusercontent.com/gadenbuie/rsthemes/main/inst/themes/base16/base16-twilight.rstheme",TRUE,"https://raw.githubusercontent.com/gadenbuie/rsthemes/assets/themes/base16_twilight.png","from the rsthemes package"
"base16 Unikitty Light {rsthemes}","https://github.com/gadenbuie/rsthemes/","https://raw.githubusercontent.com/gadenbuie/rsthemes/main/inst/themes/base16/base16-unikitty-light.rstheme",FALSE,"https://raw.githubusercontent.com/gadenbuie/rsthemes/assets/themes/base16_unikitty_light.png","from the rsthemes package"
"base16 Woodland {rsthemes}","https://github.com/gadenbuie/rsthemes/","https://raw.githubusercontent.com/gadenbuie/rsthemes/main/inst/themes/base16/base16-woodland.rstheme",TRUE,"https://raw.githubusercontent.com/gadenbuie/rsthemes/assets/themes/base16_woodland.png","from the rsthemes package"
"Behave","https://github.com/jealcalat/rstudio_themes","https://raw.githubusercontent.com/jealcalat/rstudio_themes/master/Behave.rstheme",TRUE,"","part of a collection of modified tmthemes"
"Bluebell / JTheme","https://github.com/conig/JTheme","https://raw.githubusercontent.com/conig/JTheme/master/inst/bluebell.rstheme",TRUE,"","part of the JTheme package"
"BreezeDark","https://github.com/nnamliehbes/Breeze-RStudio-Theme","https://raw.githubusercontent.com/nnamliehbes/Breeze-RStudio-Theme/master/BreezeDark.rstheme",TRUE,"https://raw.githubusercontent.com/nnamliehbes/Breeze-RStudio-Theme/master/Breeze_Dark.png","a theme matching the Breeze theme in KDE Plasma"
"BreezeDefault","https://github.com/nnamliehbes/Breeze-RStudio-Theme","https://raw.githubusercontent.com/nnamliehbes/Breeze-RStudio-Theme/master/BreezeDefault.rstheme",FALSE,"https://github.com/nnamliehbes/Breeze-RStudio-Theme/master/BreezeDefault.png","a theme matching the Breeze theme in KDE Plasma"
"BrendaTheme","https://github.com/brehmathey/rstheme","https://raw.githubusercontent.com/brehmathey/rstheme/main/BrendaTheme.rstheme",TRUE,"",""
"CobaltFlag","https://github.com/nchen4/RStudioTheme","https://raw.githubusercontent.com/nchen4/RStudioTheme/master/CobaltFlag.rstheme",TRUE,"",""
"colornew","https://github.com/jesusestevez/RStudio_Theme","https://raw.githubusercontent.com/jesusestevez/RStudio_Theme/main/colornew.rstheme",TRUE,"","based on the Monokai palette with comment colors like Stata"
"Custom","https://github.com/Wcarcamo/RStudioTheme","https://raw.githubusercontent.com/Wcarcamo/RStudioTheme/master/Custom.rstheme",TRUE,"",""
"Custom One Dark Pro","https://github.com/germaximus/Rstudio_OneDark_Theme","https://raw.githubusercontent.com/germaximus/Rstudio_OneDark_Theme/main/custom_One_Dark.rstheme",TRUE,"","inspired by the One Dark theme from Atom"
"Darkula","https://github.com/jealcalat/rstudio_themes","https://raw.githubusercontent.com/jealcalat/rstudio_themes/master/Darkula.rstheme",TRUE,"","part of a collection of modified tmthemes"
"DarkulaAdwaita","https://github.com/aldomann/rstudio-adwaita-dark-theme","https://raw.githubusercontent.com/aldomann/rstudio-adwaita-dark-theme/master/DarkulaAdwaita.rstheme",TRUE,"","dark theme plus Qt style sheet"
"Dracula","https://github.com/dracula/rstudio","https://raw.githubusercontent.com/dracula/rstudio/master/dracula.rstheme",TRUE,"https://raw.githubusercontent.com/dracula/rstudio/master/screenshot.png",""
"Driven Snow","https://github.com/mkearney/driven-snow","https://raw.githubusercontent.com/mkearney/driven-snow/master/theme/driven-snow.rstheme",FALSE,"https://raw.githubusercontent.com/mkearney/driven-snow/master/img/screen-shot.png","a light bare-bones custom theme"
"Dutch Delight","https://github.com/jpsnijder/tmThemes","https://raw.githubusercontent.com/jpsnijder/tmThemes/master/DutchDelight.rstheme",FALSE,"","part of a repository that is meant as a private theme collection"
"Engineering Pad","https://github.com/nt-williams/engineering-pad","https://raw.githubusercontent.com/engineering-pad/master/engineeringPad.rstheme",TRUE,"","a theme inspired by the creator's favorite engineering pad"
"Espresso","https://github.com/jealcalat/rstudio_themes","https://raw.githubusercontent.com/jealcalat/rstudio_themes/master/Espresso.rstheme",FALSE,"","part of a collection of modified tmthemes"
"EvangelionUnit01","https://github.com/takemal-studio/RStudio_EvangelionUnit01_theme","https://raw.githubusercontent.com/takemal-studio/RStudio_EvangelionUnit01_theme/master/EvangelionUnit01.rstheme",TRUE,"screenshot","modeled after one of the mechas in the manga Neon Genesis Evangelion"
"Eye Salvation - Dark","https://github.com/jealcalat/rstudio_themes","https://raw.githubusercontent.com/jealcalat/rstudio_themes/master/Eye%20Salvation%20-%20Dark.rstheme",TRUE,"","part of a collection of modified tmthemes"
"Fairyfloss {rsthemes}","https://github.com/gadenbuie/rsthemes/","https://raw.githubusercontent.com/gadenbuie/rsthemes/main/inst/themes/fairyfloss.rstheme",TRUE,"https://raw.githubusercontent.com/gadenbuie/rsthemes/assets/themes/fairyfloss.png","from the rsthemes package"
"Fairyfloss Dark","https://github.com/Z3tt/fairlyfloss-dark","https://raw.githubusercontent.com/Z3tt/fairlyfloss-dark/master/fairyfloss_dark.rstheme",TRUE,"https://raw.githubusercontent.com/Z3tt/fairlyfloss-dark/master/img/fairlyfloss-dark.png","based on the fairlyfloss theme but a bit less candy and pastel - more a late evening dream "
"Fairyfloss Dark 2020","https://github.com/Z3tt/fairlyfloss-dark","https://raw.githubusercontent.com/Z3tt/fairlyfloss-dark/master/fairyfloss_dark_2020.rstheme",TRUE,"","darker remix version of the Fairyfloss Dark theme "
"Flat White {rsthemes}","https://github.com/gadenbuie/rsthemes","https://raw.githubusercontent.com/gadenbuie/rsthemes/main/inst/themes/flat-white.rstheme",FALSE,"","from the rsthemes package"
"Fringe","https://github.com/eviolette/RStudioThemes","https://raw.githubusercontent.com/eviolette/RStudioThemes/master/Fringe.rstheme",TRUE,"https://raw.githubusercontent.com/eviolette/RStudioThemes/master/Fringe/Fringe.png","a dark mint theme for RStudio"
"gamelad","https://github.com/matt-dray/gamelad","https://raw.githubusercontent.com/matt-dray/gamelad/main/gamelad.rstheme",FALSE,"https://raw.githubusercontent.com/matt-dray/gamelad/main/img/rstudio-safar6-gamelad-vt323.png","a theme limited to the greens of the original Nintendo Game Boy"
"GitHub {rsthemes}","https://github.com/gadenbuie/rsthemes","https://raw.githubusercontent.com/gadenbuie/rsthemes/main/inst/themes/github.rstheme",FALSE,"","from the rsthemes package"
"Github Dark","https://github.com/rtjohnson12/rstudio-themes","https://raw.githubusercontent.com/rtjohnson12/rstudio-themes/master/src/github-dark.rstheme",TRUE,"","A Total IDE build of the GitHub Dark theme for RStudio"
"Grubber","https://github.com/RobertMyles/grubber","https://raw.githubusercontent.com/RobertMyles/grubber/master/Grubber.rstheme",TRUE,"https://raw.githubusercontent.com/RobertMyles/grubber/master/grubber.png","a dark theme with red, green, orange and turqoise highlights"
"Grubbermine","https://github.com/echaritos/MyRstudioThemes","https://raw.githubusercontent.com/echaritos/MyRstudioThemes/master/Grubbermine.rstheme",TRUE,"","from a small personal collection of themes"
"gruboxr","https://github.com/jealcalat/rstudio_themes","https://raw.githubusercontent.com/jealcalat/rstudio_themes/master/gruvboxr.rstheme",TRUE,"","part of a collection of modified tmthemes"
"gruvbox2","https://github.com/mattdube/rstudio_themes","https://raw.githubusercontent.com/mattdube/rstudio_themes/master/gruvbox2.tmTheme",TRUE,"","part of a small theme collection"
"gruvbox3","https://github.com/mattdube/rstudio_themes","https://raw.githubusercontent.com/mattdube/rstudio_themes/master/gruvbox3.tmTheme",TRUE,"","part of a small theme collection"
"gruvboxr","https://github.com/tallguyjenks/gruvboxr","https://raw.githubusercontent.com/tallguyjenks/gruvboxr/master/inst/resources/gruvboxr.rstheme",TRUE,"https://raw.githubusercontent.com/tallguyjenks/gruvboxr/master/inst/media/preview.png","a theme based on the gruvbox color scheme for vim"
"Hacker Green","https://github.com/jsta/hacker_green","https://raw.githubusercontent.com/jsta/hacker_green/master/hacker_green.rstheme",TRUE,"https://raw.githubusercontent.com/jsta/hacker_green/master/screenshot.png","green font on black (without real syntax highlighting)"
"Happy Fall Y'All","https://github.com/EFTitus/RStudioThemes","https://raw.githubusercontent.com/EFTitus/RStudioThemes/master/Happy%20Fall%20Y'all.rstheme",TRUE,"","part of the theme repository by EFTitus"
"Horizon Dark {rsthemes}","https://github.com/gadenbuie/rsthemes/","https://raw.githubusercontent.com/gadenbuie/rsthemes/main/inst/themes/horizon-dark.rstheme",TRUE,"https://raw.githubusercontent.com/gadenbuie/rsthemes/assets/themes/horizon_dark.png","from the rsthemes package"
"Horizon Synthwave {custom-rsthemes}","https://github.com/seanlaidlaw/HorizonSynth-Rstudio-Theme","https://raw.githubusercontent.com/seanlaidlaw/HorizonSynth-Rstudio-Theme/master/Horizon-Synthwave.rstheme",TRUE,"https://raw.githubusercontent.com/seanlaidlaw/HorizonSynth-Rstudio-Theme/master/img/rstudio_themed.png"," I needed a dark Rstudio theme that didn't look like an early 2000s application but like my code to really glow."
"IceWorld - Night","https://github.com/jealcalat/rstudio_themes","https://raw.githubusercontent.com/jealcalat/rstudio_themes/master/IceWorld%20-%20Night.rstheme",TRUE,"","part of a collection of modified tmthemes"
"Ital Night Owl","https://github.com/batpigandme/night-owlish","https://raw.githubusercontent.com/batpigandme/night-owlish/master/rstheme/ital-night-owl.rstheme",TRUE,"","an adaptation of the Night Owl VS Code Theme"
"KindOfDark / OneHalfLight","https://github.com/jealcalat/rstudio_themes","https://raw.githubusercontent.com/jealcalat/rstudio_themes/master/KindOfDark.rstheme",TRUE,"","part of a collection of modified tmthemes"
"KindOfGruvbox / gruvbox","https://github.com/jealcalat/rstudio_themes","https://raw.githubusercontent.com/jealcalat/rstudio_themes/master/KindOfGruvbox.rstheme",TRUE,"","part of a collection of modified tmthemes"
"Kiss","https://github.com/rileytwo/kiss","https://raw.githubusercontent.com/rileytwo/kiss/master/rstudio/kiss.rstheme",TRUE,"https://raw.githubusercontent.com/rileytwo/kiss/main/inst/RStudio-1.png","based on a warm theme for Visual Studio Code"
"Kosmosepralle","https://github.com/mvainre/Kosmosepralle","https://raw.githubusercontent.com/mvainre/Kosmosepralle/main/Kosmosepralle.tmTheme",TRUE,"https://raw.githubusercontent.com/mvainre/Kosmosepralle/main/Illustration.PNG","dark theme with colourful accents"
"Limelight","https://github.com/jealcalat/rstudio_themes","https://raw.githubusercontent.com/jealcalat/rstudio_themes/master/Limelight.rstheme",TRUE,"","part of a collection of modified tmthemes"
"Material","https://github.com/lusignan/RStudio-Material-Theme","https://raw.githubusercontent.com/lusignan/RStudio-Material-Theme/main/material.rstheme",TRUE,"https://raw.githubusercontent.com/lusignan/RStudio-Material-Theme/main/img/material-preview.png","port of the Visual Studio Code Material theme in five variants"
"Material-Theme-Darker","https://github.com/jealcalat/rstudio_themes","https://raw.githubusercontent.com/jealcalat/rstudio_themes/master/Material-Theme-Darker.rstheme",TRUE,"","part of a collection of modified tmthemes"
"Material Darker","https://github.com/lusignan/RStudio-Material-Theme","https://raw.githubusercontent.com/lusignan/RStudio-Material-Theme/main/material-darker.rstheme",TRUE,"https://raw.githubusercontent.com/lusignan/RStudio-Material-Theme/main/img/material-darker-preview.png","port of the Visual Studio Code Material theme in five variants"
"Material Lighter","https://github.com/lusignan/RStudio-Material-Theme","https://raw.githubusercontent.com/lusignan/RStudio-Material-Theme/blob/main/material-lighter.rstheme",FALSE,"https://raw.githubusercontent.com/lusignan/RStudio-Material-Theme/main/img/material-lighter-preview.png","port of the Material theme in five variants"
"Material MM","https://github.com/mikmart/rs-themes","https://raw.githubusercontent.com/mikmart/rs-themes/master/material-mm.rstheme",TRUE,"","a modified version of the Material theme"
"Material Ocean","https://github.com/lusignan/RStudio-Material-Theme","https://raw.githubusercontent.com/lusignan/RStudio-Material-Theme/main/material-ocean.rstheme",TRUE,"https://raw.githubusercontent.com/lusignan/RStudio-Material-Theme/main/img/material-ocean-preview.png","port of the Visual Studio Code Material theme in five variants"
"Material Oceanic Next","https://github.com/jealcalat/rstudio_themes","https://raw.githubusercontent.com/jealcalat/rstudio_themes/master/Material%20Oceanic%20Next.rstheme",TRUE,"","part of a collection of modified tmthemes"
"Material Palenight","https://github.com/lusignan/RStudio-Material-Theme","https://raw.githubusercontent.com/lusignan/RStudio-Material-Theme/main/material-palenight.rstheme",TRUE,"https://raw.githubusercontent.com/lusignan/RStudio-Material-Theme/main/img/material-palenight-preview.png","port of the Visual Studio Code Material theme in five variants"
"Material Theme Darker","https://github.com/studioljw/darkRstudio","https://raw.githubusercontent.com/studioljw/darkRstudio/master/materialThemeDarker.rstheme",TRUE,"","darker version of RStudio's Material theme"
"matrix_glow","https://github.com/AlessioMR/matrix_glow","https://raw.githubusercontent.com/AlessioMR/matrix_glow/master/matrix_glow.rstheme",TRUE,"https://raw.githubusercontent.com/AlessioMR/matrix_glow/master/matrix_glow_Rscript_pic.PNG","a custom theme in the style of the film Matrix (including some glow effects)"
"mayukai-mirage-darker","https://github.com/graiffgarcia/ayu-ish-rstudio","https://raw.githubusercontent.com/graiffgarcia/ayu-ish-rstudio/master/rstheme/mayukai-mirage-darker.rstheme",TRUE,"https://raw.githubusercontent.com/graiffgarcia/ayu-ish-rstudio/master/assets/mayukai-mirage-darker.png","part of an ayu-ish theme collection by graiffgarcia (which is a port of the Ayu sublime theme)"
"Mojave Dark","https://github.com/patrickshox/Mojave-Dark-RStudio-Theme","https://raw.githubusercontent.com/patrickshox/Mojave-Dark-RStudio-Theme/master/Mojave%20Dark.rstheme",TRUE,"https://raw.githubusercontent.com/patrickshox/Mojave-Dark-RStudio-Theme/master/Demo%20Images%20and%20Gifs/Main.png","dark styles across the entire IDE, not just the editor"
"Monokai Pro","https://github.com/LeiGuo0812/myRstudioThemes/","https://raw.githubusercontent.com/LeiGuo0812/myRstudioThemes/main/Monokai%20Pro.rstheme",TRUE,"",""
"Monokai_Mod","https://github.com/gu-stat/RStudio_Theme","https://raw.githubusercontent.com/gu-stat/RStudio_Theme/master/monokai_mod.rstheme",TRUE,"","adapted from the standard Monokai theme in RStudio"
"MusicForProg / Monokai Datashat Edit","https://github.com/jealcalat/rstudio_themes","https://raw.githubusercontent.com/jealcalat/rstudio_themes/master/MusicForProg.rstheme",TRUE,"","part of a collection of modified tmthemes"
"Mxblsdl","https://github.com/mxblsdl/rstudio-theme","https://raw.githubusercontent.com/mxblsdl/rstudio-theme/master/mxblsdl.rstheme",TRUE,"","variation on the material theme for RStudio"
"My Theme","https://github.com/brunaw/my-theme","https://raw.githubusercontent.com/brunaw/my-theme/master/my-theme.rstheme",TRUE,"https://raw.githubusercontent.com/brunaw/my-theme/master/img/example.png","mixing pastel and strong colors"
"Necklace Contrast","https://github.com/basiliomp/r-custom","https://raw.githubusercontent.com/basiliomp/r-custom/master/necklace_contrast.rstheme",TRUE,"https://raw.githubusercontent.com/basiliomp/r-custom/master/illustrative-screenshot.png",""
"NHL Light","https://github.com/themechanicalbear/nhlthemes","https://raw.githubusercontent.com/themechanicalbear/nhlthemes/master/inst/NHL_Light.rstheme",FALSE,"https://raw.githubusercontent.com/themechanicalbear/nhlthemes/master/nhlthemes_demo.gif","a collection of themes with color schemes based on the NHL themes. all in a light setting. currently only works on Mac"
"Night Owl","https://github.com/batpigandme/night-owlish","https://raw.githubusercontent.com/batpigandme/night-owlish/master/rstheme/night-owlish.rstheme",TRUE,"https://raw.githubusercontent.com/batpigandme/night-owlish/master/img/night-owlish-rstudio-full.png","an adaptation of the Night Owl VS Code Theme"
"Night Owl {rsthemes}","https://github.com/gadenbuie/rsthemes/","https://raw.githubusercontent.com/gadenbuie/rsthemes/main/inst/themes/night-owl.rstheme",TRUE,"https://raw.githubusercontent.com/gadenbuie/rsthemes/assets/themes/night_owl.png","from the rsthemes package"
"Noctis","https://github.com/eveyp/rstudio-themes","https://raw.githubusercontent.com/eveyp/rstudio-themes/main/noctis.rstheme",TRUE,"",""
"Noctis Greener","https://github.com/eveyp/rstudio-themes","https://raw.githubusercontent.com/eveyp/rstudio-themes/main/noctis_greener.rstheme",TRUE,"",""
"Noctis Minimus","https://github.com/eveyp/rstudio-themes","https://raw.githubusercontent.com/eveyp/rstudio-themes/main/noctis_minimus.rstheme",TRUE,"",""
"Nord-RStudio","https://github.com/max-alletsee/nord-rstudio","https://raw.githubusercontent.com/max-alletsee/nord-rstudio/master/nord-rstudio.rstheme",TRUE,"https://raw.githubusercontent.com/max-alletsee/nord-rstudio/master/img/nord-rstudio-full.png","an arctic, north-bluish theme"
"Nord  (edavidaja)","https://github.com/edavidaja/nord-rstudio","https://raw.githubusercontent.com/edavidaja/nord-rstudio/master/Nord.rstheme",TRUE,"https://raw.githubusercontent.com/edavidaja/nord-rstudio/master/shiny.png","an arctic, north-bluish clean and elegant RStudio theme, based on the Sublime Text implementation"
"Nord (lusignan)","https://github.com/lusignan/Nord-RStudio","https://raw.githubusercontent.com/lusignan/Nord-RStudio/master/Nord.rstheme",TRUE,"https://raw.githubusercontent.com/lusignan/Nord-RStudio/master/nord-rstudio-preview.png","port of the Visual Studio Code Nord theme"
"Nord (WIP)","https://github.com/janusvm/nord-rstudio","https://raw.githubusercontent.com/janusvm/nord-rstudio/master/Nord.rstheme",TRUE,"","port of the Nord theme, work-in-progress according to the author"
"Nord One","https://github.com/jakubkovac/Linux_settings","https://raw.githubusercontent.com/jakubkovac/Linux_settings/master/nord_one.rstheme",TRUE,"","a combination of Nord and (Atom's) One Dark theme"
"Nord Polar Night","https://github.com/siegerts/rstudio-nord-theme","https://raw.githubusercontent.com/siegerts/rstudio-nord-theme/master/Nord.tmtheme",TRUE,"https://raw.githubusercontent.com/siegerts/rstudio-nord-theme/master/rstudio-nord.png","based on the Nord Polar Night palette"
"Nord Polar Night Aurora {rsthemes}","https://github.com/gadenbuie/rsthemes/","https://raw.githubusercontent.com/gadenbuie/rsthemes/main/inst/themes/nord-polar-night-aurora.rstheme",TRUE,"https://raw.githubusercontent.com/gadenbuie/rsthemes/assets/themes/nord_polar_night_aurora.png","from the rsthemes package"
"Nord Snow Storm {rsthemes}","https://github.com/gadenbuie/rsthemes/","https://raw.githubusercontent.com/gadenbuie/rsthemes/main/inst/themes/nord-snow-storm.rstheme",FALSE,"","from the rsthemes package"
"Northern Lights","https://github.com/dgruenew/rstudio_custom_theme","https://raw.githubusercontent.com/dgruenew/rstudio_custom_theme/master/Northern_Lights.rstheme",TRUE,"",""
"Oceanic - Eighties","https://github.com/gadenbuie/oceanic-eighties","https://raw.githubusercontent.com/gadenbuie/oceanic-eighties/master/oceanic-eighties.rstheme",TRUE,"https://raw.githubusercontent.com/gadenbuie/oceanic-eighties/master/oceanic-eighties.png","a cool dark mode theme"
"Oceanic Plus {rsthemes}","https://github.com/gadenbuie/rsthemes/","https://raw.githubusercontent.com/gadenbuie/rsthemes/main/inst/themes/oceanic-plus.rstheme",TRUE,"https://raw.githubusercontent.com/gadenbuie/rsthemes/assets/themes/oceanic_plus.png","from the rsthemes package"
"One Dark (jealcalat)","https://github.com/jealcalat/rstudio_themes","https://raw.githubusercontent.com/jealcalat/rstudio_themes/master/One%20Dark.rstheme",TRUE,"","part of a collection of modified tmthemes"
"One Dark (rileytwo)","https://github.com/rileytwo/rsthemes","https://raw.githubusercontent.com/rileytwo/rsthemes/master/One%20Dark.rstheme",TRUE,"","port of the Atom One Dark theme"
"One Dark (tkrabel)","https://github.com/tkrabel/rstudio_atom_theme","https://raw.githubusercontent.com/tkrabel/rstudio_atom_theme/master/atom.rstheme",TRUE,"","port of the Atom One Dark theme"
"One Dark {rsthemes}","https://github.com/gadenbuie/rsthemes/","https://raw.githubusercontent.com/gadenbuie/rsthemes/main/inst/themes/one-dark.rstheme",TRUE,"https://raw.githubusercontent.com/gadenbuie/rsthemes/assets/themes/one_dark.png","from the rsthemes package"
"One Dark Darker","https://github.com/rileytwo/rsthemes","https://raw.githubusercontent.com/rileytwo/rsthemes/master/One%20Dark%20Darker.rstheme",TRUE,"","even darker version of the Atom One Dark theme"
"One Dark Pro","https://github.com/johnnybarrels/rstudio-one-dark-pro-theme/","https://raw.githubusercontent.com/johnnybarrels/rstudio-one-dark-pro-theme/master/OneDarkPro.rstheme",TRUE,"https://raw.githubusercontent.com/johnnybarrels/rstudio-one-dark-pro-theme/master/img/rstudio-onedark.png","adapted from Mojave Dark - a total IDE based on Atom One Dark"
"One Dark Tomorrow","https://github.com/jealcalat/rstudio_themes","https://raw.githubusercontent.com/jealcalat/rstudio_themes/master/OneDarkTomorror.rstheme",TRUE,"","part of a collection of modified tmthemes"
"One Light {rsthemes}","https://github.com/gadenbuie/rsthemes","https://raw.githubusercontent.com/gadenbuie/rsthemes/main/inst/themes/one-light.rstheme",FALSE,"","from the rsthemes package"
"One Monokai","https://github.com/jcasasn/rstudio-theme-one-monokai","https://raw.githubusercontent.com/jcasasn/rstudio-theme-one-monokai/main/OneMonokai.tmTheme",TRUE,"https://raw.githubusercontent.com/jcasasn/rstudio-theme-one-monokai/main/screenshots/img1.png","based on the rscodeio theme"
"OneHalfLight","https://github.com/LeiGuo0812/myRstudioThemes/","https://raw.githubusercontent.com/LeiGuo0812/myRstudioThemes/main/OneHalfLight.rstheme",FALSE,"",""
"Outrun (Arcade)","https://github.com/camkay/outRun","https://raw.githubusercontent.com/camkay/outRun/master/outRun.rstheme",TRUE,"https://raw.githubusercontent.com/camkay/outRun/master/example/outrun_theme_example.png","a theme inspired by the 1986 arcade racing game, based on the chaos editor theme"
"Outrun (Electric)","https://github.com/JeffreyZammit/Rstudio-outrun-theme","https://raw.githubusercontent.com/JeffreyZammit/Rstudio-outrun-theme/main/outRun.rstheme",TRUE,"https://raw.githubusercontent.com/JeffreyZammit/Rstudio-outrun-theme/main/example/example.PNG","an Outrun-inspired editor theme which is based on the VS Code Outrun Electric theme"
"Panda Syntax","https://github.com/aecoleman/rstudio-themes","https://raw.githubusercontent.com/aecoleman/rstudio-themes/master/panda-syntax-13.rstheme",TRUE,"",""
"PaperColor3","https://github.com/mattdube/rstudio_themes","https://raw.githubusercontent.com/mattdube/rstudio_themes/master/PaperColor3.tmTheme",TRUE,"","part of a small theme collection"
"Pebble-dark","https://github.com/DesiQuintans/pebble-theme","https://raw.githubusercontent.com/DesiQuintans/pebble-themes/master/Pebble-dark.rstheme",TRUE,"https://raw.githubusercontent.com/DesiQuintans/pebble-themes/master/images/pebble-dark.png","a dark theme based on Merbivore"
"Pebble-grey","https://github.com/DesiQuintans/pebble-theme","https://raw.githubusercontent.com/DesiQuintans/pebble-themes/master/Pebble-grey.rstheme",TRUE,"https://raw.githubusercontent.com/DesiQuintans/pebble-themes/master/images/pebble-grey.png","a dark monochrome theme with bright comments"
"Pebble-safe","https://github.com/DesiQuintans/pebble-themes","https://raw.githubusercontent.com/DesiQuintans/pebble-themes/master/Pebble-safe.rstheme",FALSE,"https://raw.githubusercontent.com/DesiQuintans/pebble-themes/master/images/pebble-safe.png","a light theme with colourblind-friendly colours from the RColorBrewer package"
"Pebble-Safe Dark","https://github.com/DesiQuintans/Pebble-safe","https://raw.githubusercontent.com/DesiQuintans/Pebble-safe/master/Pebble-Safe_Dark.rstheme",TRUE,"https://raw.githubusercontent.com/DesiQuintans/Pebble-safe/master/_img/dark.png","a colourblind-safe theme based on Pebble. coming in a dark and a light variant"
"Pebble-Safe Light","https://github.com/DesiQuintans/Pebble-safe","https://raw.githubusercontent.com/DesiQuintans/Pebble-safe/master/Pebble-Safe_Light.rstheme",FALSE,"https://raw.githubusercontent.com/DesiQuintans/Pebble-safe/master/_img/light.png","a colourblind-safe theme based on Pebble. coming in a dark and a light variant"
"Poolside {rsthemes}","https://github.com/nsgrantham/poolside-rstudio","https://raw.githubusercontent.com/nsgrantham/poolside-rstudio/main/poolside.rstheme",TRUE,"https://raw.githubusercontent.com/nsgrantham/poolside-rstudio/main/poolside-screenshot.png","a virtual vacation where the sun never sets"
"Prelude","https://github.com/lyriodendron/Prelude-Rstudio-theme","https://raw.githubusercontent.com/lyriodendron/Prelude-Rstudio-theme/main/prelude.rstheme",TRUE,"https://raw.githubusercontent.com/lyriodendron/Prelude-Rstudio-theme/main/prelude_screenshot.png","dark theme with light purple accents"
"Qwick_Ambiance","https://github.com/qwickmalik/qwick_ambiance","https://raw.githubusercontent.com/qwickmalik/qwick_ambiance/main/qwick_ambiance.rstheme",TRUE,"https://raw.githubusercontent.com/qwickmalik/qwick_ambiance/main/img/qwick_ambiance.png","remix of the Ambiance theme"
"rscodeio (anthonynorth)","https://github.com/anthonynorth/rscodeio","https://raw.githubusercontent.com/anthonynorth/rscodeio/master/inst/resources/rscodeio.rstheme",TRUE,"https://raw.githubusercontent.com/anthonynorth/rscodeio/master/inst/media/rscodeio.png","inspired by Visual Studio Code, the full package also modifies other RStudio interface elements"
"rscodeio (jealcalat)","https://github.com/jealcalat/rstudio_themes","https://raw.githubusercontent.com/jealcalat/rstudio_themes/master/rscodeio.rstheme",TRUE,"","part of a collection of modified tmthemes"
"Solarized Dark {rsthemes}","https://github.com/gadenbuie/rsthemes/","https://raw.githubusercontent.com/gadenbuie/rsthemes/main/inst/themes/solarized-dark.rstheme",TRUE,"https://raw.githubusercontent.com/gadenbuie/rsthemes/assets/themes/solarized_dark.png","from the rsthemes package"
"Solarized Light {rsthemes}","https://github.com/gadenbuie/rsthemes","https://raw.githubusercontent.com/gadenbuie/rsthemes/main/inst/themes/solarized-light.rstheme",FALSE,"","from the rsthemes package"
"Synthwave","https://github.com/enrique95/Rstudiotheme","https://raw.githubusercontent.com/enrique95/Rstudiotheme/master/synthwave.rstheme",TRUE,"","https://user-images.githubusercontent.com/64669432/116753267-1c3a2e00-aa07-11eb-9723-8c1eae395a9a.png"
"Synthwave84","https://github.com/conig/JTheme/","https://raw.githubusercontent.com/conig/JTheme/master/inst/synthwave84.rstheme",TRUE,"","version of Synthwave85, tones the original down for better performance"
"Synthwave85","https://github.com/jnolis/synthwave85","https://raw.githubusercontent.com/jnolis/synthwave85/master/Synthwave85.rstheme",TRUE,"https://raw.githubusercontent.com/jnolis/synthwave85/master/example.png","dark theme with a light glow effect, an interpretation of Synthwave84 for RStudio"
"SynthwaveBlack","https://github.com/roshandarji/synthwaveBLACK","https://raw.githubusercontent.com/roshandarji/synthwaveBLACK/master/SynthwaveBlack.rstheme",TRUE,"https://raw.githubusercontent.com/roshandarji/synthwaveBLACK/master/synthwaveBLACK_example.png","based on the Synthwave85 theme, but with a pure black background and adjusted colors"
"Tanjiro","https://github.com/mrmorgan17/Tanjiro","https://raw.githubusercontent.com/mrmorgan17/Tanjiro/main/Tanjiro.rstheme",TRUE,"https://raw.githubusercontent.com/mrmorgan17/Tanjiro/main/Tanjiro%20Screen%20Shot.png","RStudio Editor theme inspired by Tanjiro Kamado"
"Textmate (high contrast comments)","https://github.com/james-e-thomas/textmate_high_contrast_comments/","https://raw.githubusercontent.com/james-e-thomas/textmate_high_contrast_comments/master/textmate_high_contrast_comments.rstheme",FALSE,"","a version of the default Textmate theme with higher contrast comments"
"Today","https://github.com/jasblue1/Rstudio-Theme","https://raw.githubusercontent.com/jasblue1/Rstudio-Theme/main/Today.rstheme",TRUE,"",""
"Today_CUSTOM_MADE","https://github.com/jasblue1/Rstudio-Theme","https://raw.githubusercontent.com/jasblue1/Rstudio-Theme/main/TodayCustommade.rstheme",TRUE,"",""
"Tomorrow IDLE","https://github.com/devnich/rstudio","https://raw.githubusercontent.com/devnich/rstudio/master/themes/Tomorrow%20IDLE.rstheme",FALSE,"","from devnich's theme collection"
"Tomorrow Night Bright (rscodeio)","https://github.com/anthonynorth/rscodeio","https://raw.githubusercontent.com/anthonynorth/rscodeio/master/inst/resources/rscodeio_tomorrow_night_bright.rstheme",TRUE,"","version of the Tomorrow Night theme"
"Umi","https://github.com/braudm/rstudio_umi_theme","https://raw.githubusercontent.com/braudm/rstudio_umi_theme/master/Umi.rstheme",TRUE,"https://raw.githubusercontent.com/braudm/rstudio_umi_theme/master/umi-theme_example.PNG","using various shades of green for syntax highlighting"
"vaporwave","https://github.com/cobriant/vaporwave.rstheme","https://raw.githubusercontent.com/cobriant/vaporwave.rstheme/main/vaporwave_theme.rstheme",TRUE,"https://raw.githubusercontent.com/cobriant/vaporwave.rstheme/main/vapor_screenshot.png","rewind back in time with the funk of k-mart mix tapes. This macintosh plus inspired theme will put the elevator jazz back in your step."
"Vibrant Ink SB 2","https://github.com/captaincaed/rstudio","https://raw.githubusercontent.com/captaincaed/rstudio/main/vibrant_ink_SB_2.rstheme",TRUE,"","based on the built-in Vibrant Ink theme"
"Viridis","https://github.com/Z3tt/viridis-theme","https://raw.githubusercontent.com/Z3tt/viridis-theme/master/viridis.rstheme",TRUE,"https://raw.githubusercontent.com/Z3tt/viridis-theme/master/img/viridis-theme-preview.png","based on the viridis color palette"
"Visual Studio Dark","https://github.com/jealcalat/rstudio_themes","https://raw.githubusercontent.com/jealcalat/rstudio_themes/master/Visual%20Studio%20Dark.rstheme",TRUE,"","part of a collection of modified tmthemes"
"VSC Dark Adwaita","https://github.com/aldomann/rsdarkthemes","https://raw.githubusercontent.com/aldomann/rsdarkthemes/master/inst/resources/vsc_dark_adwaita.rstheme",TRUE,"","dark theme resembling VS Code"
"VSCode Theme","https://github.com/ellenxtan/customized_Rstudio_theme","https://raw.githubusercontent.com/ellenxtan/customized_Rstudio_theme/master/vscode.rstheme",TRUE,"","customized RStudio theme to resemble VS Code"
"VScodeTheme","https://github.com/mattia-liuzzo/RStudio-VScode-theme","https://raw.githubusercontent.com/mattia-liuzzo/RStudio-VScode-theme/main/rs-vscode.rstheme",TRUE,"https://user-images.githubusercontent.com/63495216/110667938-0f4d4b00-81cb-11eb-943e-f5951dbed137.png","inspired by VS Code's Dark+ theme, based on RStudio's built-in Tomorrow Night theme"
"Wombat","https://github.com/jealcalat/rstudio_themes","https://raw.githubusercontent.com/jealcalat/rstudio_themes/master/Wombat.rstheme",TRUE,"","part of a collection of modified tmthemes"
"Yule RStudio","https://github.com/gadenbuie/yule-rstudio","https://raw.githubusercontent.com/gadenbuie/yule-rstudio/master/Yule-RStudio.rstheme",TRUE,"https://raw.githubusercontent.com/gadenbuie/yule-rstudio/master/images/floating-rstudio.png","a holiday theme for RStudio"
"Yule RStudio (Reduced Motion) {rsthemes}","https://github.com/gadenbuie/rsthemes/","https://raw.githubusercontent.com/gadenbuie/rsthemes/main/inst/themes/yule-rstudio-reduced-motion.rstheme",TRUE,"","from the rsthemes package"
"Yule RStudio {rsthemes}","https://github.com/gadenbuie/rsthemes/","https://raw.githubusercontent.com/gadenbuie/rsthemes/main/inst/themes/yule-rstudio-rsthemes.rstheme",TRUE,"","from the rsthemes package"
"Zinogre","https://github.com/takemal-studio/RStudio_Zinogre_theme","https://raw.githubusercontent.com/takemal-studio/RStudio_Zinogre_theme/master/zinogre.rstheme",TRUE,"https://raw.githubusercontent.com/takemal-studio/RStudio_Zinogre_theme/master/img/sample_code.png","modeled after a monster in the video game Monster Hunt"
